==> titleabs.tsv <==
200971	ontology as a source for rule generation	This paper discloses the potential of OWL (Web Ontology Language) ontologies for generation of rules. The main purpose of this paper is to identify new types of rules, which may be generated from OWL ontologies. Rules, generated from OWL ontologies, are necessary for the functioning of the Semantic Web Expert System. It is expected that the Semantic Web Expert System (SWES) will be able to process ontologies from the Web with the purpose to supplement or even to develop its knowledge base.
549074	a novel methodology for thermal analysis a 3 dimensional memory integration	The semiconductor industry is reaching a fascinating confluence in several evolutionary trends that will likely lead to a number of revolutionary changes in the design, implementation, scaling, and the use of computer systems. However, recently Moore's law has come to a stand-still since device scaling beyond 65 nm is not practical. 2D integration has problems like memory latency, power dissipation, and large foot-print. 3D technology comes as a solution to the problems posed by 2D integration. The utilization of 3D is limited by the problem of temperature crisis. It is important to develop an accurate power profile extraction methodology to design 3D structure. In this paper, design of 3D integration of memory is considered and hence the static power dissipation of the memory cell is analysed in transistor level and is used to accurately model the inter-layer thermal effects for 3D memory stack. Subsequently, packaging of the chip is considered and modelled using an architecture level simulator. This modelling is intended to analyse the thermal effects of 3D memory, its reliability and lifetime of the chip, with greater accuracy.
630234	spreadsheets on the move an evaluation of mobile spreadsheets	The power of mobile devices has increased dramatically in the last few years. These devices are becoming more sophisticated allowing users to accomplish a wide variety of tasks while on the move. The increasingly mobile nature of business has meant that more users will need access to spreadsheets while away from their desktop and laptop computers. Existing mobile applications suffer from a number of usability issues that make using spreadsheets in this way more difficult. This work represents the first evaluation of mobile spreadsheet applications. Through a pilot survey the needs and experiences of experienced spreadsheet users was examined. The range of spreadsheet apps available for the iOS platform was also evaluated in light of these users' needs.
803423	multi view metric learning for multi view video summarization	Traditional methods on video summarization are designed to generate summaries for single-view video records; and thus they cannot fully exploit the redundancy in multi-view video records. In this paper, we present a multi-view metric learning framework for multi-view video summarization that combines the advantages of maximum margin clustering with the disagreement minimization criterion. The learning framework thus has the ability to find a metric that best separates the data, and meanwhile to force the learned metric to maintain original intrinsic information between data points, for example geometric information. Facilitated by such a framework, a systematic solution to the multi-view video summarization problem is developed. To the best of our knowledge, it is the first time to address multi-view video summarization from the viewpoint of metric learning. The effectiveness of the proposed method is demonstrated by experiments.
1102481	big data analytics in future internet of things	Current research on Internet of Things (IoT) mainly focuses on how to enable general objects to see, hear, and smell the physical world for themselves, and make them connected to share the observations. In this paper, we argue that only connected is not enough, beyond that, general objects should have the capability to learn, think, and understand both the physical world by themselves. On the other hand, the future IoT will be highly populated by large numbers of heterogeneous networked embedded devices, which are generating massive or big data in an explosive fashion. Although there is a consensus among almost everyone on the great importance of big data analytics in IoT, to date, limited results, especially the mathematical foundations, are obtained. These practical needs impels us to propose a systematic tutorial on the development of effective algorithms for big data analytics in future IoT, which are grouped into four classes: 1) heterogeneous data processing, 2) nonlinear data processing, 3) high-dimensional data processing, and 4) distributed and parallel data processing. We envision that the presented research is offered as a mere baby step in a potentially fruitful research direction. We hope that this article, with interdisciplinary perspectives, will stimulate more interests in research and development of practical and effective algorithms for specific IoT applications, to enable smart resource allocation, automatic network operation, and intelligent service provisioning.
1532644	machine learner for automated reasoning 0 4 and 0 5	Machine Learner for Automated Reasoning (MaLARea) is a learning and reasoning system for proving in large formal libraries where thousands of theorems are available when attacking a new conjecture, and a large number of related problems and proofs can be used to learn specific theorem-proving knowledge. The last version of the system has by a large margin won the 2013 CASC LTB competition. This paper describes the motivation behind the methods used in MaLARea, discusses the general approach and the issues arising in evaluation of such system, and describes the Mizar@Turing100 and CASC'24 versions of MaLARea.
1649614	guarded variable automata over infinite alphabets	We define guarded variable automata (GVAs), a simple extension of finite automata over infinite alphabets. In this model the transitions are labelled by letters or variables ranging over an infinite alphabet and guarded by conjunction of equalities and disequalities. GVAs are well-suited for modeling component-based applications such as web services. They are closed under intersection, union, concatenation and Kleene operator, and their nonemptiness problem is PSPACE-complete. We show that the simulation preorder of GVAs is decidable. Our proof relies on the characterization of the simulation by means of games and strategies. This result can be applied to service composition synthesis.
1703066	asynchronous cellular operations on gray images extracting topographic shape features and their relations	A variety of operations of cellular automata on gray images is presented. All operations are of a wave-front nature finishing in a stable state. They are used to extract shape descripting gray objects robust to a variety of pattern distortions. Topographic terms are used: "lakes", "dales", "dales of dales". It is shown how mutual object relations like "above" can be presented in terms of gray image analysis and how it can be used for character classification and for gray pattern decomposition. Algorithms can be realized with a parallel asynchronous architecture. Keywords: Pattern Recognition, Mathematical Morphology, Cellular Automata, Wave-front Algorithms, Gray Image Analysis, Topographical Shape Descriptors, Asynchronous Parallel Processors, Holes, Cavities, Concavities, Graphs.
1810480	cryptographic hardening of d sequences	This paper shows how a one-way mapping using majority information on adjacent bits will improve the randomness of d-sequences. Supporting experimental results are presented. It is shown that the behavior of d-sequences is different from that of other RNG sequences.
2127868	off grid doa estimation based on analysis of the convexity of maximum likelihood function	Spatial compressive sensing (SCS) has recently been applied to direction-of-arrival (DOA) estimation owing to advantages over conventional ones. However the performance of compressive sensing (CS)-based estimation methods decreases when true DOAs are not exactly on the discretized sampling grid. We solve the off-grid DOA estimation problem using the deterministic maximum likelihood (DML) estimation method. In this work, we analyze the convexity of the DML function in the vicinity of the global solution. Especially under the condition of large array, we search for an approximately convex range around the ture DOAs to guarantee the DML function convex. Based on the convexity of the DML function, we propose a computationally efficient algorithm framework for off-grid DOA estimation. Numerical experiments show that the rough convex range accords well with the exact convex range of the DML function with large array and demonstrate the superior performance of the proposed methods in terms of accuracy, robustness and speed.
